{
  "$schema": "https://raw.githubusercontent.com/grafana/grafana/master/docs/sources/developers/plugins/plugin.schema.json",
  "type": "datasource",
  "name": "hoursai",
  "id": "hoursai-datasource",
  "metrics": true,
  "backend": true,
  "executable": "gpx_hoursai",
  "alerting": true,
  "info": {
    "description": "hoursai",
    "author": {
      "name": "lexi.liu,hongjie.li"
    },
    "keywords": [
      "hoursai"
    ],
    "logos": {
      "small": "img/logo.svg",
      "large": "img/logo.svg"
    },
    "screenshots": [
      {
        "name": "datasource",
        "path": "img/datasource.png"
      }
    ],
    "version": "1.0.0",
    "updated": "2023-03-23"
  },
  "dependencies": {
    "grafanaDependency": ">=7.0.0",
    "plugins": []
  }
}
