{
  "$schema": "https://raw.githubusercontent.com/grafana/grafana/master/docs/sources/developers/plugins/plugin.schema.json",
  "type": "panel",
  "name": "anomalydetection",
  "id": "anomalydetection-panel",
  "info": {
    "description": "Anomaly detection powered by HoursAI",
    "author": {
      "name": "Dean.zhang",
      "url": ""
    },
    "keywords": [
      "11"
    ],
    "logos": {
      "small": "img/logo.svg",
      "large": "img/logo.svg"
    },
    "links": [
      {
        "name": "Website",
        "url": "https://github.com/grafana/grafana-starter-panel"
      },
      {
        "name": "License",
        "url": "https://github.com/grafana/grafana-starter-panel/blob/master/LICENSE"
      }
    ],
    "screenshots": [],
    "version": "1.0.0",
    "updated": "2023-04-27"
  },
  "dependencies": {
    "grafanaDependency": ">=7.0.0",
    "plugins": []
  }
}
